{
  "id": "p_chart_montgomery",
  "reference": "Montgomery 8th Ed, Table 7.4 \u2014 Orange Juice Trial Limits",
  "function": "qic",
  "input": {
    "y": [
      12,
      15,
      8,
      10,
      4,
      7,
      16,
      9,
      14,
      10,
      5,
      6,
      17,
      12,
      22,
      8,
      10,
      5,
      13,
      11,
      20,
      18,
      24,
      15,
      9,
      12,
      7,
      13,
      9,
      6
    ],
    "n": 50,
    "chart": "p"
  },
  "check": {
    "cl": [
      0.2313,
      0.001
    ],
    "ucl": [
      0.4102,
      0.001
    ],
    "lcl": [
      0.0524,
      0.001
    ],
    "signals": true
  },
  "snapshot": {
    "chart_type": "p",
    "method": "anhoej",
    "signals": true,
    "title": "",
    "subtitle": null,
    "caption": null,
    "ylab": "Value",
    "xlab": "Subgroup",
    "summary": {
      "n_obs": 30,
      "n_baseline": 30,
      "signals": true,
      "limit_basis": "all",
      "freeze": null,
      "excluded": [],
      "n_useful": 30,
      "longest_run": 4,
      "n_crossings": 15,
      "run_threshold": 7,
      "crossings_threshold": 9,
      "run_signal": false,
      "crossings_signal": false
    },
    "data": [
      {
        "x": 1,
        "y": 0.24,
        "cl": 0.23133333333333334,
        "ucl": 0.41023911859473844,
        "lcl": 0.05242754807192823,
        "ucl_95": 0.35060385684093676,
        "lcl_95": 0.11206280982572994,
        "sigma_signal": false,
        "runs_signal": false,
        "baseline": true
      },
      {
        "x": 2,
        "y": 0.3,
        "cl": 0.23133333333333334,
        "ucl": 0.41023911859473844,
        "lcl": 0.05242754807192823,
        "ucl_95": 0.35060385684093676,
        "lcl_95": 0.11206280982572994,
        "sigma_signal": false,
        "runs_signal": false,
        "baseline": true
      },
      {
        "x": 3,
        "y": 0.16,
        "cl": 0.23133333333333334,
        "ucl": 0.41023911859473844,
        "lcl": 0.05242754807192823,
        "ucl_95": 0.35060385684093676,
        "lcl_95": 0.11206280982572994,
        "sigma_signal": false,
        "runs_signal": false,
        "baseline": true
      },
      {
        "x": 4,
        "y": 0.2,
        "cl": 0.23133333333333334,
        "ucl": 0.41023911859473844,
        "lcl": 0.05242754807192823,
        "ucl_95": 0.35060385684093676,
        "lcl_95": 0.11206280982572994,
        "sigma_signal": false,
        "runs_signal": false,
        "baseline": true
      },
      {
        "x": 5,
        "y": 0.08,
        "cl": 0.23133333333333334,
        "ucl": 0.41023911859473844,
        "lcl": 0.05242754807192823,
        "ucl_95": 0.35060385684093676,
        "lcl_95": 0.11206280982572994,
        "sigma_signal": false,
        "runs_signal": false,
        "baseline": true
      },
      {
        "x": 6,
        "y": 0.14,
        "cl": 0.23133333333333334,
        "ucl": 0.41023911859473844,
        "lcl": 0.05242754807192823,
        "ucl_95": 0.35060385684093676,
        "lcl_95": 0.11206280982572994,
        "sigma_signal": false,
        "runs_signal": false,
        "baseline": true
      },
      {
        "x": 7,
        "y": 0.32,
        "cl": 0.23133333333333334,
        "ucl": 0.41023911859473844,
        "lcl": 0.05242754807192823,
        "ucl_95": 0.35060385684093676,
        "lcl_95": 0.11206280982572994,
        "sigma_signal": false,
        "runs_signal": false,
        "baseline": true
      },
      {
        "x": 8,
        "y": 0.18,
        "cl": 0.23133333333333334,
        "ucl": 0.41023911859473844,
        "lcl": 0.05242754807192823,
        "ucl_95": 0.35060385684093676,
        "lcl_95": 0.11206280982572994,
        "sigma_signal": false,
        "runs_signal": false,
        "baseline": true
      },
      {
        "x": 9,
        "y": 0.28,
        "cl": 0.23133333333333334,
        "ucl": 0.41023911859473844,
        "lcl": 0.05242754807192823,
        "ucl_95": 0.35060385684093676,
        "lcl_95": 0.11206280982572994,
        "sigma_signal": false,
        "runs_signal": false,
        "baseline": true
      },
      {
        "x": 10,
        "y": 0.2,
        "cl": 0.23133333333333334,
        "ucl": 0.41023911859473844,
        "lcl": 0.05242754807192823,
        "ucl_95": 0.35060385684093676,
        "lcl_95": 0.11206280982572994,
        "sigma_signal": false,
        "runs_signal": false,
        "baseline": true
      },
      {
        "x": 11,
        "y": 0.1,
        "cl": 0.23133333333333334,
        "ucl": 0.41023911859473844,
        "lcl": 0.05242754807192823,
        "ucl_95": 0.35060385684093676,
        "lcl_95": 0.11206280982572994,
        "sigma_signal": false,
        "runs_signal": false,
        "baseline": true
      },
      {
        "x": 12,
        "y": 0.12,
        "cl": 0.23133333333333334,
        "ucl": 0.41023911859473844,
        "lcl": 0.05242754807192823,
        "ucl_95": 0.35060385684093676,
        "lcl_95": 0.11206280982572994,
        "sigma_signal": false,
        "runs_signal": false,
        "baseline": true
      },
      {
        "x": 13,
        "y": 0.34,
        "cl": 0.23133333333333334,
        "ucl": 0.41023911859473844,
        "lcl": 0.05242754807192823,
        "ucl_95": 0.35060385684093676,
        "lcl_95": 0.11206280982572994,
        "sigma_signal": false,
        "runs_signal": false,
        "baseline": true
      },
      {
        "x": 14,
        "y": 0.24,
        "cl": 0.23133333333333334,
        "ucl": 0.41023911859473844,
        "lcl": 0.05242754807192823,
        "ucl_95": 0.35060385684093676,
        "lcl_95": 0.11206280982572994,
        "sigma_signal": false,
        "runs_signal": false,
        "baseline": true
      },
      {
        "x": 15,
        "y": 0.44,
        "cl": 0.23133333333333334,
        "ucl": 0.41023911859473844,
        "lcl": 0.05242754807192823,
        "ucl_95": 0.35060385684093676,
        "lcl_95": 0.11206280982572994,
        "sigma_signal": true,
        "runs_signal": false,
        "baseline": true
      },
      {
        "x": 16,
        "y": 0.16,
        "cl": 0.23133333333333334,
        "ucl": 0.41023911859473844,
        "lcl": 0.05242754807192823,
        "ucl_95": 0.35060385684093676,
        "lcl_95": 0.11206280982572994,
        "sigma_signal": false,
        "runs_signal": false,
        "baseline": true
      },
      {
        "x": 17,
        "y": 0.2,
        "cl": 0.23133333333333334,
        "ucl": 0.41023911859473844,
        "lcl": 0.05242754807192823,
        "ucl_95": 0.35060385684093676,
        "lcl_95": 0.11206280982572994,
        "sigma_signal": false,
        "runs_signal": false,
        "baseline": true
      },
      {
        "x": 18,
        "y": 0.1,
        "cl": 0.23133333333333334,
        "ucl": 0.41023911859473844,
        "lcl": 0.05242754807192823,
        "ucl_95": 0.35060385684093676,
        "lcl_95": 0.11206280982572994,
        "sigma_signal": false,
        "runs_signal": false,
        "baseline": true
      },
      {
        "x": 19,
        "y": 0.26,
        "cl": 0.23133333333333334,
        "ucl": 0.41023911859473844,
        "lcl": 0.05242754807192823,
        "ucl_95": 0.35060385684093676,
        "lcl_95": 0.11206280982572994,
        "sigma_signal": false,
        "runs_signal": false,
        "baseline": true
      },
      {
        "x": 20,
        "y": 0.22,
        "cl": 0.23133333333333334,
        "ucl": 0.41023911859473844,
        "lcl": 0.05242754807192823,
        "ucl_95": 0.35060385684093676,
        "lcl_95": 0.11206280982572994,
        "sigma_signal": false,
        "runs_signal": false,
        "baseline": true
      },
      {
        "x": 21,
        "y": 0.4,
        "cl": 0.23133333333333334,
        "ucl": 0.41023911859473844,
        "lcl": 0.05242754807192823,
        "ucl_95": 0.35060385684093676,
        "lcl_95": 0.11206280982572994,
        "sigma_signal": false,
        "runs_signal": false,